"","phylum","class","order","family","genus","species","country","adm1","lon","lat"
"1","Mollusca","Gastropoda","Stylommatophora","Geomitridae","Xerotricha","Xerotricha conspurcata","France",NA,-1.343484,45.970322
"2","Mollusca","Gastropoda","Stylommatophora","Geomitridae","Xerotricha","Xerotricha conspurcata","Italy","Emilia-Romagna",11.632809,44.778006
"3","Mollusca","Gastropoda","Stylommatophora","Geomitridae","Xerotricha","Xerotricha conspurcata","Spain","Castilla y Le�n",-5.09626,40.206995
"4","Mollusca","Gastropoda","Stylommatophora","Geomitridae","Xerotricha","Xerotricha conspurcata","Italy","Sicily",15.14822,37.554187
"5","Mollusca","Gastropoda","Stylommatophora","Geomitridae","Xerotricha","Xerotricha conspurcata","Spain","Andaluc�a",-6.006603,37.397094
"6","Mollusca","Gastropoda","Stylommatophora","Geomitridae","Xerotricha","Xerotricha conspurcata","Italy","Toscana",11.8624,43.480675
"7","Mollusca","Gastropoda","Stylommatophora","Geomitridae","Xerotricha","Xerotricha conspurcata","Italy","Emilia-Romagna",11.676861,44.684903
"8","Mollusca","Gastropoda","Stylommatophora","Geomitridae","Xerotricha","Xerotricha conspurcata","Spain","Andaluc�a",-3.117417,36.985615
"9","Mollusca","Gastropoda","Stylommatophora","Geomitridae","Xerotricha","Xerotricha conspurcata","Greece","Aegean",28.223301,36.452588
"10","Mollusca","Gastropoda","Stylommatophora","Geomitridae","Xerotricha","Xerotricha conspurcata","Italy","Campania",14.33885,41.237263
"11","Mollusca","Gastropoda","Stylommatophora","Geomitridae","Xerotricha","Xerotricha conspurcata","Greece","Aegean",28.216706,36.426455
"12","Mollusca","Gastropoda","Stylommatophora","Geomitridae","Xerotricha","Xerotricha conspurcata","Greece","Macedonia and Thrace",22.921891,40.839728
"13","Mollusca","Gastropoda","Stylommatophora","Geomitridae","Xerotricha","Xerotricha conspurcata","France","Provence-Alpes-C�te d'Azur",6.00921,43.193961
"14","Mollusca","Gastropoda","Stylommatophora","Geomitridae","Xerotricha","Xerotricha conspurcata","Portugal","Beja",-7.597874,37.944345
"15","Mollusca","Gastropoda","Stylommatophora","Geomitridae","Xerotricha","Xerotricha conspurcata","France","Languedoc-Roussillon",3.885359,43.832368
"16","Mollusca","Gastropoda","Stylommatophora","Geomitridae","Xerotricha","Xerotricha conspurcata","Portugal","Set�bal",-9.150628,38.629113
"17","Mollusca","Gastropoda","Stylommatophora","Geomitridae","Xerotricha","Xerotricha conspurcata","Spain","Andaluc�a",-3.120722,36.976959
"18","Mollusca","Gastropoda","Stylommatophora","Geomitridae","Xerotricha","Xerotricha conspurcata","France","Languedoc-Roussillon",4.03237,43.727035
"19","Mollusca","Gastropoda","Stylommatophora","Geomitridae","Xerotricha","Xerotricha conspurcata","Portugal","�vora",-7.985305,38.724595
"20","Mollusca","Gastropoda","Stylommatophora","Geomitridae","Xerotricha","Xerotricha conspurcata","France","Provence-Alpes-C�te d'Azur",6.009048,43.19462
"21","Mollusca","Gastropoda","Stylommatophora","Geomitridae","Xerotricha","Xerotricha conspurcata","Italy","Emilia-Romagna",11.319717,44.445976
"22","Mollusca","Gastropoda","Stylommatophora","Geomitridae","Xerotricha","Xerotricha conspurcata","Italy","Lazio",12.41221,41.914745
"23","Mollusca","Gastropoda","Stylommatophora","Geomitridae","Xerotricha","Xerotricha conspurcata","Spain","Andaluc�a",-6.148514,36.690806
"24","Mollusca","Gastropoda","Stylommatophora","Geomitridae","Xerotricha","Xerotricha conspurcata","Italy","Lazio",13.728438,41.245938
"25","Mollusca","Gastropoda","Stylommatophora","Geomitridae","Xerotricha","Xerotricha conspurcata","Italy","Emilia-Romagna",11.461414,44.833303
"26","Mollusca","Gastropoda","Stylommatophora","Geomitridae","Xerotricha","Xerotricha conspurcata","France","Provence-Alpes-C�te d'Azur",5.540633,43.365261
"27","Mollusca","Gastropoda","Stylommatophora","Geomitridae","Xerotricha","Xerotricha conspurcata","Portugal","Portalegre",-7.427839,39.285486
"28","Mollusca","Gastropoda","Stylommatophora","Geomitridae","Xerotricha","Xerotricha conspurcata","Croatia","Splitsko-Dalmatinska",16.522648,43.53231
"29","Mollusca","Gastropoda","Stylommatophora","Geomitridae","Xerotricha","Xerotricha conspurcata","Portugal","Lisboa",-9.19117,38.729419
"30","Mollusca","Gastropoda","Stylommatophora","Geomitridae","Xerotricha","Xerotricha conspurcata","Portugal","Lisboa",-9.160658,38.741913
"31","Mollusca","Gastropoda","Stylommatophora","Geomitridae","Xerotricha","Xerotricha conspurcata","France","Languedoc-Roussillon",3.67228,43.697906
"32","Mollusca","Gastropoda","Stylommatophora","Geomitridae","Xerotricha","Xerotricha conspurcata","Italy","Toscana",11.196143,43.844185
"33","Mollusca","Gastropoda","Stylommatophora","Geomitridae","Xerotricha","Xerotricha conspurcata","Italy","Lombardia",9.130465,45.193191
"34","Mollusca","Gastropoda","Stylommatophora","Geomitridae","Xerotricha","Xerotricha conspurcata","Italy","Toscana",11.563953,43.530863
"35","Mollusca","Gastropoda","Stylommatophora","Geomitridae","Xerotricha","Xerotricha conspurcata","Greece","Aegean",26.450443,39.115573
"36","Mollusca","Gastropoda","Stylommatophora","Geomitridae","Xerotricha","Xerotricha conspurcata","Greece","Attica",23.947487,37.939162
"37","Mollusca","Gastropoda","Stylommatophora","Geomitridae","Xerotricha","Xerotricha conspurcata","Spain","Andaluc�a",-4.554594,37.014047
"38","Mollusca","Gastropoda","Stylommatophora","Geomitridae","Xerotricha","Xerotricha conspurcata","Croatia","Splitsko-Dalmatinska",16.524259,43.520477
"39","Mollusca","Gastropoda","Stylommatophora","Geomitridae","Xerotricha","Xerotricha conspurcata","Spain","Castilla y Le�n",-5.096818,40.206713
"40","Mollusca","Gastropoda","Stylommatophora","Geomitridae","Xerotricha","Xerotricha conspurcata","Italy","Sicily",15.052793,37.504397
"41","Mollusca","Gastropoda","Stylommatophora","Geomitridae","Xerotricha","Xerotricha conspurcata","Italy","Sicily",15.083875,37.508132
"42","Mollusca","Gastropoda","Stylommatophora","Geomitridae","Xerotricha","Xerotricha conspurcata","Spain","Comunidad de Madrid",-3.607101,40.414531
"43","Mollusca","Gastropoda","Stylommatophora","Geomitridae","Xerotricha","Xerotricha conspurcata","Greece","Aegean",26.446843,39.190786
"44","Mollusca","Gastropoda","Stylommatophora","Geomitridae","Xerotricha","Xerotricha conspurcata","Algeria","Boumerd�s",3.47889,36.751803
"45","Mollusca","Gastropoda","Stylommatophora","Geomitridae","Xerotricha","Xerotricha conspurcata","France","Languedoc-Roussillon",3.893054,43.622462
"46","Mollusca","Gastropoda","Stylommatophora","Geomitridae","Xerotricha","Xerotricha conspurcata","Israel","Jerusalem",35.195534,31.760753
"47","Mollusca","Gastropoda","Stylommatophora","Geomitridae","Xerotricha","Xerotricha conspurcata","Spain","Catalu�a",3.018533,42.267462
"48","Mollusca","Gastropoda","Stylommatophora","Geomitridae","Xerotricha","Xerotricha conspurcata","Greece","Attica",23.978608,38.088864
"49","Mollusca","Gastropoda","Stylommatophora","Geomitridae","Xerotricha","Xerotricha conspurcata","Italy","Abruzzo",13.453525,42.336857
"50","Mollusca","Gastropoda","Stylommatophora","Geomitridae","Xerotricha","Xerotricha conspurcata","France","Languedoc-Roussillon",3.876115,43.561369
"51","Mollusca","Gastropoda","Stylommatophora","Geomitridae","Xerotricha","Xerotricha conspurcata","Spain","Andaluc�a",-4.561113,37.019152
"52","Mollusca","Gastropoda","Stylommatophora","Geomitridae","Xerotricha","Xerotricha conspurcata","Italy","Toscana",11.620044,43.497382
"53","Mollusca","Gastropoda","Stylommatophora","Geomitridae","Xerotricha","Xerotricha conspurcata","Italy","Toscana",11.331257,43.220781
"54","Mollusca","Gastropoda","Stylommatophora","Geomitridae","Xerotricha","Xerotricha conspurcata","Italy","Lombardia",10.051532,45.127349
"55","Mollusca","Gastropoda","Stylommatophora","Geomitridae","Xerotricha","Xerotricha conspurcata","Italy","Toscana",11.565637,43.523445
"56","Mollusca","Gastropoda","Stylommatophora","Geomitridae","Xerotricha","Xerotricha conspurcata","Spain","Catalu�a",2.372345,41.626941
"57","Mollusca","Gastropoda","Stylommatophora","Geomitridae","Xerotricha","Xerotricha conspurcata","Italy","Toscana",11.569027,43.532438
"58","Mollusca","Gastropoda","Stylommatophora","Geomitridae","Xerotricha","Xerotricha conspurcata","Italy","Lombardia",10.440522,45.125478
"59","Mollusca","Gastropoda","Stylommatophora","Geomitridae","Xerotricha","Xerotricha conspurcata","France","Languedoc-Roussillon",3.892261,43.620611
"60","Mollusca","Gastropoda","Stylommatophora","Geomitridae","Xerotricha","Xerotricha conspurcata","Italy","Lombardia",10.006146,45.143733
"61","Mollusca","Gastropoda","Stylommatophora","Geomitridae","Xerotricha","Xerotricha conspurcata","France","Languedoc-Roussillon",3.893072,43.631911
"62","Mollusca","Gastropoda","Stylommatophora","Geomitridae","Xerotricha","Xerotricha conspurcata","Greece","Attica",23.71854,37.972421
"63","Mollusca","Gastropoda","Stylommatophora","Geomitridae","Xerotricha","Xerotricha conspurcata","France","Languedoc-Roussillon",3.890746,43.633467
"64","Mollusca","Gastropoda","Stylommatophora","Geomitridae","Xerotricha","Xerotricha conspurcata","France","Languedoc-Roussillon",3.890313,43.629753
"65","Mollusca","Gastropoda","Stylommatophora","Geomitridae","Xerotricha","Xerotricha conspurcata","Italy","Emilia-Romagna",11.432094,44.439022
"66","Mollusca","Gastropoda","Stylommatophora","Geomitridae","Xerotricha","Xerotricha conspurcata","Italy","Toscana",11.62515,43.500998
"67","Mollusca","Gastropoda","Stylommatophora","Geomitridae","Xerotricha","Xerotricha conspurcata","Greece","Attica",23.720372,37.970669
"68","Mollusca","Gastropoda","Stylommatophora","Geomitridae","Xerotricha","Xerotricha conspurcata","Greece","Attica",23.718239,38.038025
"69","Mollusca","Gastropoda","Stylommatophora","Geomitridae","Xerotricha","Xerotricha conspurcata","Italy","Emilia-Romagna",11.335577,44.48309
"70","Mollusca","Gastropoda","Stylommatophora","Geomitridae","Xerotricha","Xerotricha conspurcata","Portugal","Lisboa",-9.194142,38.747471
"71","Mollusca","Gastropoda","Stylommatophora","Geomitridae","Xerotricha","Xerotricha conspurcata","France","Provence-Alpes-C�te d'Azur",6.835371,43.617739
"72","Mollusca","Gastropoda","Stylommatophora","Geomitridae","Xerotricha","Xerotricha conspurcata","Italy","Emilia-Romagna",12.166047,44.266305
"73","Mollusca","Gastropoda","Stylommatophora","Geomitridae","Xerotricha","Xerotricha conspurcata","Italy","Emilia-Romagna",12.025054,44.215548
"74","Mollusca","Gastropoda","Stylommatophora","Geomitridae","Xerotricha","Xerotricha conspurcata","France","Languedoc-Roussillon",3.878764,43.618067
"75","Mollusca","Gastropoda","Stylommatophora","Geomitridae","Xerotricha","Xerotricha conspurcata","France","Languedoc-Roussillon",3.568248,43.606985
"76","Mollusca","Gastropoda","Stylommatophora","Geomitridae","Xerotricha","Xerotricha conspurcata","Portugal","Portalegre",-7.430949,39.286782
"77","Mollusca","Gastropoda","Stylommatophora","Geomitridae","Xerotricha","Xerotricha conspurcata","Greece","Aegean",28.22165,36.453618
"78","Mollusca","Gastropoda","Stylommatophora","Geomitridae","Xerotricha","Xerotricha conspurcata","Portugal","Leiria",-8.809017,39.662616
"79","Mollusca","Gastropoda","Stylommatophora","Geomitridae","Xerotricha","Xerotricha conspurcata","Portugal","Portalegre",-7.428455,39.284242
"80","Mollusca","Gastropoda","Stylommatophora","Geomitridae","Xerotricha","Xerotricha conspurcata","Greece","Aegean",28.221097,36.429105
"81","Mollusca","Gastropoda","Stylommatophora","Geomitridae","Xerotricha","Xerotricha conspurcata","Spain","Comunidad de Madrid",-3.240326,40.404576
"82","Mollusca","Gastropoda","Stylommatophora","Geomitridae","Xerotricha","Xerotricha conspurcata","Greece","Attica",23.743844,37.887098
"83","Mollusca","Gastropoda","Stylommatophora","Geomitridae","Xerotricha","Xerotricha conspurcata","France",NA,9.48116,42.61723
"84","Mollusca","Gastropoda","Stylommatophora","Geomitridae","Xerotricha","Xerotricha conspurcata","France","Provence-Alpes-C�te d'Azur",5.395791,43.304485
"85","Mollusca","Gastropoda","Stylommatophora","Geomitridae","Xerotricha","Xerotricha conspurcata","Spain","Catalu�a",2.876404,42.146262
"86","Mollusca","Gastropoda","Stylommatophora","Geomitridae","Xerotricha","Xerotricha conspurcata","Italy","Umbria",12.405698,43.084868
"87","Mollusca","Gastropoda","Stylommatophora","Geomitridae","Xerotricha","Xerotricha conspurcata","Greece","Crete",24.022988,35.513889
"88","Mollusca","Gastropoda","Stylommatophora","Geomitridae","Xerotricha","Xerotricha conspurcata","France","Languedoc-Roussillon",3.801179,43.634729
"89","Mollusca","Gastropoda","Stylommatophora","Geomitridae","Xerotricha","Xerotricha conspurcata","France","Languedoc-Roussillon",3.835556,43.622222
"90","Mollusca","Gastropoda","Stylommatophora","Geomitridae","Xerotricha","Xerotricha conspurcata","Greece","Peloponnese, Western Greece and the Ionian Islands",20.599463,38.664545
"91","Mollusca","Gastropoda","Stylommatophora","Geomitridae","Xerotricha","Xerotricha conspurcata","France","Languedoc-Roussillon",3.865003,43.634088
"92","Mollusca","Gastropoda","Stylommatophora","Geomitridae","Xerotricha","Xerotricha conspurcata","Greece","Macedonia and Thrace",22.968335,40.637584
"93","Mollusca","Gastropoda","Stylommatophora","Geomitridae","Xerotricha","Xerotricha conspurcata","France","Languedoc-Roussillon",3.710063,43.742972
"94","Mollusca","Gastropoda","Stylommatophora","Geomitridae","Xerotricha","Xerotricha conspurcata","France",NA,5.05117,43.82471
"95","Mollusca","Gastropoda","Stylommatophora","Geomitridae","Xerotricha","Xerotricha conspurcata","Italy","Toscana",9.842335,43.046022
"96","Mollusca","Gastropoda","Stylommatophora","Geomitridae","Xerotricha","Xerotricha conspurcata","Italy","Lombardia",10.479629,45.467715
"97","Mollusca","Gastropoda","Stylommatophora","Geomitridae","Xerotricha","Xerotricha conspurcata","France","Corse",9.486853,42.468966
"98","Mollusca","Gastropoda","Stylommatophora","Geomitridae","Xerotricha","Xerotricha conspurcata","Spain","Tarragona",0.90339,41.267665
"99","Mollusca","Gastropoda","Stylommatophora","Geomitridae","Xerotricha","Xerotricha conspurcata","France",NA,5.54011,43.63435
"100","Mollusca","Gastropoda","Stylommatophora","Geomitridae","Xerotricha","Xerotricha conspurcata","Spain","Andaluc�a",-4.556136,37.011298
"101","Mollusca","Gastropoda","Stylommatophora","Geomitridae","Xerotricha","Xerotricha conspurcata","Spain","Andaluc�a",-3.117376,36.985499
"102","Mollusca","Gastropoda","Stylommatophora","Geomitridae","Xerotricha","Xerotricha conspurcata","France",NA,2.90272,42.75138
"103","Mollusca","Gastropoda","Stylommatophora","Geomitridae","Xerotricha","Xerotricha conspurcata","France",NA,6.39586,43.43087
"104","Mollusca","Gastropoda","Stylommatophora","Geomitridae","Xerotricha","Xerotricha conspurcata","France",NA,9.41248,42.75258
"105","Mollusca","Gastropoda","Stylommatophora","Geomitridae","Xerotricha","Xerotricha conspurcata","France",NA,9.25225,42.40134
"106","Mollusca","Gastropoda","Stylommatophora","Geomitridae","Xerotricha","Xerotricha conspurcata","France",NA,9.12195,42.31877
"107","Mollusca","Gastropoda","Stylommatophora","Geomitridae","Xerotricha","Xerotricha conspurcata","France",NA,2.29255,48.85493
"108","Mollusca","Gastropoda","Stylommatophora","Geomitridae","Xerotricha","Xerotricha conspurcata","France",NA,5.28885,43.54992
"109","Mollusca","Gastropoda","Stylommatophora","Geomitridae","Xerotricha","Xerotricha conspurcata","France",NA,9.14848,41.41621
"110","Mollusca","Gastropoda","Stylommatophora","Geomitridae","Xerotricha","Xerotricha conspurcata","France",NA,9.03868,41.51265
"111","Mollusca","Gastropoda","Stylommatophora","Geomitridae","Xerotricha","Xerotricha conspurcata","Spain","Barcelona",1.753598,41.508214
"112","Mollusca","Gastropoda","Stylommatophora","Geomitridae","Xerotricha","Xerotricha conspurcata","Italy","Toscana",10.826214,43.873556
"113","Mollusca","Gastropoda","Stylommatophora","Geomitridae","Xerotricha","Xerotricha conspurcata","France",NA,2.44997,42.85304
"114","Mollusca","Gastropoda","Stylommatophora","Geomitridae","Xerotricha","Xerotricha conspurcata","France","Languedoc-Roussillon",3.707223,43.741286
"115","Mollusca","Gastropoda","Stylommatophora","Geomitridae","Xerotricha","Xerotricha conspurcata","Spain","Andaluc�a",-2.847278,36.98779
"116","Mollusca","Gastropoda","Stylommatophora","Geomitridae","Xerotricha","Xerotricha conspurcata","France",NA,5.16859,43.6424
"117","Mollusca","Gastropoda","Stylommatophora","Geomitridae","Xerotricha","Xerotricha conspurcata","Spain","Las Palmas",-15.4627,28.0637
"118","Mollusca","Gastropoda","Stylommatophora","Geomitridae","Xerotricha","Xerotricha conspurcata","France",NA,3.18539,43.48391
"119","Mollusca","Gastropoda","Stylommatophora","Geomitridae","Xerotricha","Xerotricha conspurcata","Spain","Tarragona",0.844464,40.726694
"120","Mollusca","Gastropoda","Stylommatophora","Geomitridae","Xerotricha","Xerotricha conspurcata","Spain","Tarragona",1.095556,41.1825
"121","Mollusca","Gastropoda","Stylommatophora","Geomitridae","Xerotricha","Xerotricha conspurcata","Spain","Barcelona",2.490956,41.684619
"122","Mollusca","Gastropoda","Stylommatophora","Geomitridae","Xerotricha","Xerotricha conspurcata","France",NA,-1.11694,46.24711
"123","Mollusca","Gastropoda","Stylommatophora","Geomitridae","Xerotricha","Xerotricha conspurcata","France",NA,3.32382,43.65136
"124","Mollusca","Gastropoda","Stylommatophora","Geomitridae","Xerotricha","Xerotricha conspurcata","Italy","Liguria",9.853574,44.026498
"125","Mollusca","Gastropoda","Stylommatophora","Geomitridae","Xerotricha","Xerotricha conspurcata","France",NA,5.32219,43.40051
"126","Mollusca","Gastropoda","Stylommatophora","Geomitridae","Xerotricha","Xerotricha conspurcata","France",NA,3.10947,43.14098
"127","Mollusca","Gastropoda","Stylommatophora","Geomitridae","Xerotricha","Xerotricha conspurcata","France",NA,5.25058,43.4835
"128","Mollusca","Gastropoda","Stylommatophora","Geomitridae","Xerotricha","Xerotricha conspurcata","France",NA,7.40228,43.73113
"129","Mollusca","Gastropoda","Stylommatophora","Geomitridae","Xerotricha","Xerotricha conspurcata","France",NA,2.73817,43.26336
"130","Mollusca","Gastropoda","Stylommatophora","Geomitridae","Xerotricha","Xerotricha conspurcata","France",NA,6.81774,43.53848
"131","Mollusca","Gastropoda","Stylommatophora","Geomitridae","Xerotricha","Xerotricha conspurcata","France",NA,5.30449,43.54462
"132","Mollusca","Gastropoda","Stylommatophora","Geomitridae","Xerotricha","Xerotricha conspurcata","France",NA,5.04508,43.3839
"133","Mollusca","Gastropoda","Stylommatophora","Geomitridae","Xerotricha","Xerotricha conspurcata","France",NA,5.56428,43.29036
"134","Mollusca","Gastropoda","Stylommatophora","Geomitridae","Xerotricha","Xerotricha conspurcata","Portugal",NA,-8.996113,39.210028
"135","Mollusca","Gastropoda","Stylommatophora","Geomitridae","Xerotricha","Xerotricha conspurcata","France",NA,5.865814,43.934476
"136","Mollusca","Gastropoda","Stylommatophora","Geomitridae","Xerotricha","Xerotricha conspurcata","Greece",NA,22.8006,37.5622
"137","Mollusca","Gastropoda","Stylommatophora","Geomitridae","Xerotricha","Xerotricha conspurcata","France",NA,4.9993,43.42067
"138","Mollusca","Gastropoda","Stylommatophora","Geomitridae","Xerotricha","Xerotricha conspurcata","Italy",NA,11.330514,43.318661
"139","Mollusca","Gastropoda","Stylommatophora","Geomitridae","Xerotricha","Xerotricha conspurcata","France",NA,5.7227,43.43797
"140","Mollusca","Gastropoda","Stylommatophora","Geomitridae","Xerotricha","Xerotricha conspurcata","France",NA,5.3808,43.28034
"141","Mollusca","Gastropoda","Stylommatophora","Geomitridae","Xerotricha","Xerotricha conspurcata","France",NA,5.11397,43.35792
"142","Mollusca","Gastropoda","Stylommatophora","Geomitridae","Xerotricha","Xerotricha conspurcata","France",NA,5.11582,43.34703
"143","Mollusca","Gastropoda","Stylommatophora","Geomitridae","Xerotricha","Xerotricha conspurcata","France",NA,7.19386,43.83409
"144","Mollusca","Gastropoda","Stylommatophora","Geomitridae","Xerotricha","Xerotricha conspurcata","France",NA,3.96283,43.86178
"145","Mollusca","Gastropoda","Stylommatophora","Geomitridae","Xerotricha","Xerotricha conspurcata","France",NA,3.51144,43.89516
"146","Mollusca","Gastropoda","Stylommatophora","Geomitridae","Xerotricha","Xerotricha conspurcata","France",NA,5.45834,43.24699
"147","Mollusca","Gastropoda","Stylommatophora","Geomitridae","Xerotricha","Xerotricha conspurcata","France",NA,5.43931,43.22379
"148","Mollusca","Gastropoda","Stylommatophora","Geomitridae","Xerotricha","Xerotricha conspurcata","France",NA,2.7454,43.3536
"149","Mollusca","Gastropoda","Stylommatophora","Geomitridae","Xerotricha","Xerotricha conspurcata","France",NA,5.03692,43.38182
"150","Mollusca","Gastropoda","Stylommatophora","Geomitridae","Xerotricha","Xerotricha conspurcata","France",NA,6.07864,43.38792
"151","Mollusca","Gastropoda","Stylommatophora","Geomitridae","Xerotricha","Xerotricha conspurcata","France",NA,5.11306,43.52348
"152","Mollusca","Gastropoda","Stylommatophora","Geomitridae","Xerotricha","Xerotricha conspurcata","France",NA,2.78,43.05
"153","Mollusca","Gastropoda","Stylommatophora","Geomitridae","Xerotricha","Xerotricha conspurcata","France",NA,3.882,43.64
"154","Mollusca","Gastropoda","Stylommatophora","Geomitridae","Xerotricha","Xerotricha conspurcata","France",NA,4.012,43.596
"155","Mollusca","Gastropoda","Stylommatophora","Geomitridae","Xerotricha","Xerotricha conspurcata","France",NA,9.49721,42.53839
"156","Mollusca","Gastropoda","Stylommatophora","Geomitridae","Xerotricha","Xerotricha conspurcata","France",NA,5.14644,43.39048
"157","Mollusca","Gastropoda","Stylommatophora","Geomitridae","Xerotricha","Xerotricha conspurcata","France",NA,-1.32318,46.15584
"158","Mollusca","Gastropoda","Stylommatophora","Geomitridae","Xerotricha","Xerotricha conspurcata","France",NA,4.5492,43.65299
"159","Mollusca","Gastropoda","Stylommatophora","Geomitridae","Xerotricha","Xerotricha conspurcata","France",NA,4.66786,43.47125
"160","Mollusca","Gastropoda","Stylommatophora","Geomitridae","Xerotricha","Xerotricha conspurcata","France",NA,4.42084,43.47477
"161","Mollusca","Gastropoda","Stylommatophora","Geomitridae","Xerotricha","Xerotricha conspurcata","France",NA,9.18237,42.53687
"162","Mollusca","Gastropoda","Stylommatophora","Geomitridae","Xerotricha","Xerotricha conspurcata","France",NA,9.41267,42.17784
"163","Mollusca","Gastropoda","Stylommatophora","Geomitridae","Xerotricha","Xerotricha conspurcata","France",NA,9.19442,41.41097
"164","Mollusca","Gastropoda","Stylommatophora","Geomitridae","Xerotricha","Xerotricha conspurcata","France",NA,9.50711,42.10172
"165","Mollusca","Gastropoda","Stylommatophora","Geomitridae","Xerotricha","Xerotricha conspurcata","France",NA,9.16174,42.30751
"166","Mollusca","Gastropoda","Stylommatophora","Geomitridae","Xerotricha","Xerotricha conspurcata","France",NA,9.18827,42.37941
"167","Mollusca","Gastropoda","Stylommatophora","Geomitridae","Xerotricha","Xerotricha conspurcata","France",NA,9.17815,41.41942
"168","Mollusca","Gastropoda","Stylommatophora","Geomitridae","Xerotricha","Xerotricha conspurcata","France",NA,9.16134,42.30759
"169","Mollusca","Gastropoda","Stylommatophora","Geomitridae","Xerotricha","Xerotricha conspurcata","France","France m�tropolitaine",9.3868,42.17192
"170","Mollusca","Gastropoda","Stylommatophora","Geomitridae","Xerotricha","Xerotricha conspurcata","France",NA,9.45383,42.71149
"171","Mollusca","Gastropoda","Stylommatophora","Geomitridae","Xerotricha","Xerotricha conspurcata","France",NA,9.55174,42.11561
"172","Mollusca","Gastropoda","Stylommatophora","Geomitridae","Xerotricha","Xerotricha conspurcata","France",NA,9.147,42.30539
"173","Mollusca","Gastropoda","Stylommatophora","Geomitridae","Xerotricha","Xerotricha conspurcata","France",NA,8.99779,42.53689
"174","Mollusca","Gastropoda","Stylommatophora","Geomitridae","Xerotricha","Xerotricha conspurcata","France",NA,9.18806,42.37954
"175","Mollusca","Gastropoda","Stylommatophora","Geomitridae","Xerotricha","Xerotricha conspurcata","France",NA,9.15164,41.38843
"176","Mollusca","Gastropoda","Stylommatophora","Geomitridae","Xerotricha","Xerotricha conspurcata","France",NA,5.02544,43.35597
"177","Mollusca","Gastropoda","Stylommatophora","Geomitridae","Xerotricha","Xerotricha conspurcata","France",NA,5.01485,43.58414
"178","Mollusca","Gastropoda","Stylommatophora","Geomitridae","Xerotricha","Xerotricha conspurcata","France",NA,5.02941,43.78444
"179","Mollusca","Gastropoda","Stylommatophora","Geomitridae","Xerotricha","Xerotricha conspurcata","France",NA,5.65178,43.29692
"180","Mollusca","Gastropoda","Stylommatophora","Geomitridae","Xerotricha","Xerotricha conspurcata","France",NA,3.71191,43.79529
"181","Mollusca","Gastropoda","Stylommatophora","Geomitridae","Xerotricha","Xerotricha conspurcata","France",NA,2.28296,43.12495
"182","Mollusca","Gastropoda","Stylommatophora","Geomitridae","Xerotricha","Xerotricha conspurcata","France",NA,4.51755,43.96969
"183","Mollusca","Gastropoda","Stylommatophora","Geomitridae","Xerotricha","Xerotricha conspurcata","France",NA,3.97655,44.05404
"184","Mollusca","Gastropoda","Stylommatophora","Geomitridae","Xerotricha","Xerotricha conspurcata","France",NA,5.03329,43.84855
"185","Mollusca","Gastropoda","Stylommatophora","Geomitridae","Xerotricha","Xerotricha conspurcata","Israel",NA,34.8,32.02
"186","Mollusca","Gastropoda","Stylommatophora","Geomitridae","Xerotricha","Xerotricha conspurcata","Israel",NA,34.83,31.92
"187","Mollusca","Gastropoda","Stylommatophora","Geomitridae","Xerotricha","Xerotricha conspurcata","Spain","Girona",3.1703,42.2673
"188","Mollusca","Gastropoda","Stylommatophora","Geomitridae","Xerotricha","Xerotricha conspurcata","France",NA,3.12093,42.50461
"189","Mollusca","Gastropoda","Stylommatophora","Geomitridae","Xerotricha","Xerotricha conspurcata","Spain","Girona",3.0587,41.7927
"190","Mollusca","Gastropoda","Stylommatophora","Geomitridae","Xerotricha","Xerotricha conspurcata","Israel",NA,34.76,31.82
"191","Mollusca","Gastropoda","Stylommatophora","Geomitridae","Xerotricha","Xerotricha conspurcata","France",NA,9.23654,42.09397
"192","Mollusca","Gastropoda","Stylommatophora","Geomitridae","Xerotricha","Xerotricha conspurcata","France",NA,5.21781,43.42182
"193","Mollusca","Gastropoda","Stylommatophora","Geomitridae","Xerotricha","Xerotricha conspurcata","France",NA,8.72936,41.97017
"194","Mollusca","Gastropoda","Stylommatophora","Geomitridae","Xerotricha","Xerotricha conspurcata","France",NA,9.49719,42.09929
"195","Mollusca","Gastropoda","Stylommatophora","Geomitridae","Xerotricha","Xerotricha conspurcata","Spain","Menorca",3.836673,39.978523
"196","Mollusca","Gastropoda","Stylommatophora","Geomitridae","Xerotricha","Xerotricha conspurcata","Spain","Menorca",4.033646,39.941391
"197","Mollusca","Gastropoda","Stylommatophora","Geomitridae","Xerotricha","Xerotricha conspurcata","Spain","Menorca",4.206419,39.991427
"198","Mollusca","Gastropoda","Stylommatophora","Geomitridae","Xerotricha","Xerotricha conspurcata","Spain","Menorca",4.017218,39.993985
"199","Mollusca","Gastropoda","Stylommatophora","Geomitridae","Xerotricha","Xerotricha conspurcata","Spain","Menorca",3.828447,39.999476
"200","Mollusca","Gastropoda","Stylommatophora","Geomitridae","Xerotricha","Xerotricha conspurcata","Spain","Menorca",3.897579,39.992096
"201","Mollusca","Gastropoda","Stylommatophora","Geomitridae","Xerotricha","Xerotricha conspurcata","Spain","Menorca",3.96605,39.942997
"202","Mollusca","Gastropoda","Stylommatophora","Geomitridae","Xerotricha","Xerotricha conspurcata","Spain","Mallorca",3.370813,39.69469
"203","Mollusca","Gastropoda","Stylommatophora","Geomitridae","Xerotricha","Xerotricha conspurcata","Spain","Mallorca",3.001901,39.354715
"204","Mollusca","Gastropoda","Stylommatophora","Geomitridae","Xerotricha","Xerotricha conspurcata","France",NA,5.79506,43.13737
"205","Mollusca","Gastropoda","Stylommatophora","Geomitridae","Xerotricha","Xerotricha conspurcata","France","Occitanie",3.68,43.405
"206","Mollusca","Gastropoda","Stylommatophora","Geomitridae","Xerotricha","Xerotricha conspurcata","Spain","Menorca",3.892318,40.003199
"207","Mollusca","Gastropoda","Stylommatophora","Geomitridae","Xerotricha","Xerotricha conspurcata","Spain","Menorca",4.13083,40.061567
"208","Mollusca","Gastropoda","Stylommatophora","Geomitridae","Xerotricha","Xerotricha conspurcata","Spain","Menorca",4.277307,39.854192
"209","Mollusca","Gastropoda","Stylommatophora","Geomitridae","Xerotricha","Xerotricha conspurcata","Spain","Barcelona",2.153719,41.496358
"210","Mollusca","Gastropoda","Stylommatophora","Geomitridae","Xerotricha","Xerotricha conspurcata","Spain","Barcelona",2.104178,41.3126
"211","Mollusca","Gastropoda","Stylommatophora","Geomitridae","Xerotricha","Xerotricha conspurcata","Spain","Menorca",3.964442,39.937155
"212","Mollusca","Gastropoda","Stylommatophora","Geomitridae","Xerotricha","Xerotricha conspurcata","Spain","Girona",3.1406,41.8653
"213","Mollusca","Gastropoda","Stylommatophora","Geomitridae","Xerotricha","Xerotricha conspurcata","Spain","Girona",2.9158,41.7396
"214","Mollusca","Gastropoda","Stylommatophora","Geomitridae","Xerotricha","Xerotricha conspurcata","Spain","Barcelona",2.047213,41.394581
"215","Mollusca","Gastropoda","Stylommatophora","Geomitridae","Xerotricha","Xerotricha conspurcata","Spain","Tarragona",0.5631,41.2629
"216","Mollusca","Gastropoda","Stylommatophora","Geomitridae","Xerotricha","Xerotricha conspurcata","Palestina",NA,35,31.5
"217","Mollusca","Gastropoda","Stylommatophora","Geomitridae","Xerotricha","Xerotricha conspurcata","Italy",NA,10.65,46.633333
"218","Mollusca","Gastropoda","Stylommatophora","Geomitridae","Xerotricha","Xerotricha conspurcata","Italy","Sicily",14.25,37.75
"219","Mollusca","Gastropoda","Stylommatophora","Geomitridae","Xerotricha","Xerotricha conspurcata","Italy",NA,11.333333,43.833333
"220","Mollusca","Gastropoda","Stylommatophora","Geomitridae","Xerotricha","Xerotricha conspurcata","Algeria",NA,3.050556,36.763056
"221","Mollusca","Gastropoda","Stylommatophora","Geomitridae","Xerotricha","Xerotricha conspurcata","France",NA,5.430205,43.308475
"222","Mollusca","Gastropoda","Stylommatophora","Geomitridae","Xerotricha","Xerotricha conspurcata","France",NA,3.358767,46.517333
"223","Mollusca","Gastropoda","Stylommatophora","Geomitridae","Xerotricha","Xerotricha conspurcata","Italy","Tuscany",11.25,43.766667
"224","Mollusca","Gastropoda","Stylommatophora","Geomitridae","Xerotricha","Xerotricha conspurcata","Spain","Balearic Islands",2.919875,39.598676
"225","Mollusca","Gastropoda","Stylommatophora","Geomitridae","Xerotricha","Xerotricha conspurcata","Cyprus",NA,32.9737,34.646875
"226","Mollusca","Gastropoda","Stylommatophora","Geomitridae","Xerotricha","Xerotricha conspurcata","Italy",NA,7.666667,45.05
"227","Mollusca","Gastropoda","Stylommatophora","Geomitridae","Xerotricha","Xerotricha conspurcata","Spain","Barcelona",2.369584,41.52648
"228","Mollusca","Gastropoda","Stylommatophora","Geomitridae","Xerotricha","Xerotricha conspurcata","Spain","Barcelona",2.221897,41.425489
"229","Mollusca","Gastropoda","Stylommatophora","Geomitridae","Xerotricha","Xerotricha conspurcata","Spain","Barcelona",2.321208,41.500843
"230","Mollusca","Gastropoda","Stylommatophora","Geomitridae","Xerotricha","Xerotricha conspurcata","Spain","Barcelona",2.155797,41.363521
"231","Mollusca","Gastropoda","Stylommatophora","Geomitridae","Xerotricha","Xerotricha conspurcata","Spain","Girona",3.0084,42.2124
"232","Mollusca","Gastropoda","Stylommatophora","Geomitridae","Xerotricha","Xerotricha conspurcata","Spain","Girona",3.1834,41.9096
"233","Mollusca","Gastropoda","Stylommatophora","Geomitridae","Xerotricha","Xerotricha conspurcata","Spain","Barcelona",2.20845,41.453846
"234","Mollusca","Gastropoda","Stylommatophora","Geomitridae","Xerotricha","Xerotricha conspurcata","Spain","Barcelona",2.670582,41.642389
"235","Mollusca","Gastropoda","Stylommatophora","Geomitridae","Xerotricha","Xerotricha conspurcata","Spain","Barcelona",1.87612,41.913681
"236","Mollusca","Gastropoda","Stylommatophora","Geomitridae","Xerotricha","Xerotricha conspurcata","Spain","Barcelona",2.067348,41.583204
"237","Mollusca","Gastropoda","Stylommatophora","Geomitridae","Xerotricha","Xerotricha conspurcata","Spain","Girona",2.8339,42.0755
"238","Mollusca","Gastropoda","Stylommatophora","Geomitridae","Xerotricha","Xerotricha conspurcata","Greece",NA,21.733333,38.25
"239","Mollusca","Gastropoda","Stylommatophora","Geomitridae","Xerotricha","Xerotricha conspurcata","Spain","Girona",3.1332,42.4267
"240","Mollusca","Gastropoda","Stylommatophora","Geomitridae","Xerotricha","Xerotricha conspurcata","Spain","Barcelona",2.11122,41.408819
"241","Mollusca","Gastropoda","Stylommatophora","Geomitridae","Xerotricha","Xerotricha conspurcata","Spain","Girona",3.1149,42.1266
"242","Mollusca","Gastropoda","Stylommatophora","Geomitridae","Xerotricha","Xerotricha conspurcata","Spain","Mallorca",3.313037,39.714412
"243","Mollusca","Gastropoda","Stylommatophora","Geomitridae","Xerotricha","Xerotricha conspurcata","Spain","Barcelona",1.7925,41.7598
"244","Mollusca","Gastropoda","Stylommatophora","Geomitridae","Xerotricha","Xerotricha conspurcata","France",NA,7.2692,43.7028
"245","Mollusca","Gastropoda","Stylommatophora","Geomitridae","Xerotricha","Xerotricha conspurcata","Spain","Girona",2.8272,41.9843
"246","Mollusca","Gastropoda","Stylommatophora","Geomitridae","Xerotricha","Xerotricha conspurcata","Algeria",NA,2.9131,36.1367
"247","Mollusca","Gastropoda","Stylommatophora","Geomitridae","Xerotricha","Xerotricha conspurcata","France",NA,3.0232,42.53014
"248","Mollusca","Gastropoda","Stylommatophora","Geomitridae","Xerotricha","Xerotricha conspurcata","Algeria",NA,-0.18,35.53
